{"NInputs":5,"NHiddens":21,"NOutputs":3,"Regression":false,"InputActivations":[0.023529411764705882,0.0196078431372549,0.03529411764705882,0,1],"HiddenActivations":[0.3258985590506999,0.0000013037800760412309,5.0031645480646566e-8,0.01940216295917526,0.06276646346773744,0.0000172707007717071,0.09882857083442685,0.0000029847426095247393,0.11560777617091327,0.03885652246142518,0.09798970949718173,0.30992013447159544,0.00040635934889513567,2.2998975142149664e-11,0.3086383584747604,0.04122722994876256,0.21867908593648652,0.021083992487061727,0.1320324328616566,0.9367362673067128,1],"OutputActivations":[0.9810362976857497,0.9779216262938949,0.9732306537268766],"Contexts":null,"InputWeights":[[-2.6669584632267793,14.862216341363954,11.652051794125676,2.354161546295245,1.5408756131486396,-3.173698170203262,-17.193362295707765,-2.767432669154119,-5.760449249273182,-16.421571070497034,-0.2038270492103767,-1.0495521267698658,-3.2895467232811555,2.1778322209134915,-2.6159546029358083,0.2126431009843694,-2.8869688305141485,-1.4801284536075772,-4.984015296962759,-1.9260135101688522,-0.5936262467053544],[-1.5386246590088142,-5.145584532687111,0.2645223155032207,-1.8489344176839195,-9.291760864642256,0.8192595864788405,-4.056051366550478,11.11229947872069,-0.3800122959074225,-19.177539714736586,-2.697527926677022,-3.007977452280477,-1.0325601012606296,6.074151330999182,-2.574032407110326,0.45681440931177475,-0.40663032087269935,3.4053506406512466,-10.661681284395506,-2.4420124574812765,0.0821997100174705],[-2.558773363051976,-1.064142610694305,1.7793229195086009,-1.9106847180172304,-14.118270019472288,7.245157716840137,2.7243638045293794,1.3788614959639716,-0.057744034198893804,-13.805097591629751,1.8246935814628518,-0.5680028917998956,8.896326726196868,3.1179093655208274,-0.9005974260341754,-0.5784548749039229,1.1155806511530226,-1.746509883718193,-0.22227980221328583,-1.5130785062442074,0.6021100853053225],[-0.1248608215615445,-0.4704932913258649,3.247719698869701,-1.6182677332067075,0.10356661002367751,5.6005642329591385,0.4160787363800814,2.0361053601065997,-0.541688283819573,0.5084760843920532,0.049615909498476496,-1.5997886500215306,0.258591303741031,16.778608638650926,0.10045275477189514,5.183631608806212,-1.2987758476890823,-0.4558818651887738,-0.5851759877909123,-2.855539459940575,0.9719294586804934],[-0.5435655751909619,-13.761488878327745,-17.152762341194734,-3.874485051273309,-2.0592927008268,-11.163581926745929,-1.8223312601164638,-12.92343191943273,-1.8896400859100353,-1.9585911145372217,-2.2264770724263276,-0.696767974873868,-8.024206833038866,-24.775959437536205,-0.6626882391496868,-3.140100195279668,-1.236832534995303,-3.8082335292942053,-1.5489703829387504,2.8416938582486275,0.45836145346859625]],"OutputWeights":[[1.1472832597329463,0.955746562443108,2.7269033817487274],[-11.420672907261347,0.19342036037842197,-0.26755182931242016],[-9.88992167523026,-1.037838919422172,0.011279988821738331],[-3.0923489967680893,0.4003469365849377,2.5226328058262695],[-0.07074439057001362,-0.9640604855799134,9.56618885856852],[0.8636090110357605,0.15161100047029777,-6.5969587737947295],[9.593510397037646,0.3638937132169543,-0.11373130831213747],[-0.6712604650775144,-9.507199309786694,0.3646894886569875],[4.4572432824103965,0.012399063016573657,-0.16335410318290433],[7.339031466517691,11.055191128193897,9.006890796542843],[0.4658545169782954,2.6869515723811666,-2.3160988324697023],[1.8131156491952116,1.8079863364258681,2.4376629700739296],[-0.5993519698389552,-0.8663047845130812,-6.788982489829873],[-5.035259364947688,-9.807977303635274,-9.229216735683535],[1.5019617200237971,2.529574495493989,1.8283994925782432],[-1.6999774658457119,-1.7942819267772352,-1.8265533949685813],[1.9049164037318946,0.669605622494707,-1.1322705206108175],[-0.08633282881962492,-2.923300650357234,0.18958802714031828],[-0.7470403253795553,7.13104212114532,0.6930359460105399],[1.5627808165683903,1.5479542374929072,1.7154667352282433],[-0.8926382694823627,-0.9412821364878837,-0.7341046971744142]],"InputChanges":[[-4.350404347782128e-8,-2.1402431723360983e-11,-6.718473179961967e-13,-1.100770480617268e-7,-1.9930694100670019e-7,6.707383128150788e-11,0.0000012061416079013695,1.7588715632212244e-11,6.598515775680444e-7,-5.16813943487528e-8,-3.045852515876728e-8,5.343501417248383e-8,1.0623921041167414e-9,8.88331361302043e-17,-1.0112151175019936e-7,-1.3954239549300045e-8,4.6343873170511684e-7,4.028525536969195e-8,-7.584293662107406e-7,2.2761003021391998e-8,-0],[-3.625336956485107e-8,-1.7835359769467487e-11,-5.598727649968306e-13,-9.173087338477233e-8,-1.6608911750558348e-7,5.5894859401256566e-11,0.0000010051180065844746,1.4657263026843537e-11,5.498763146400369e-7,-4.3067828623960663e-8,-2.5382104298972735e-8,4.452917847706986e-8,8.853267534306178e-10,7.402761344183693e-17,-8.426792645849947e-8,-1.1628532957750037e-8,3.861989430875974e-7,3.357104614140996e-8,-6.320244718422838e-7,1.8967502517826665e-8,-0],[-6.525606521673192e-8,-3.2103647585041476e-11,-1.0077709769942951e-12,-1.651155720925902e-7,-2.9896041151005024e-7,1.0061074692226182e-10,0.0000018092124118520542,2.6383073448318363e-11,9.897773663520666e-7,-7.75220915231292e-8,-4.568778773815092e-8,8.015252125872575e-8,1.593588156175112e-9,1.3324970419530646e-16,-1.5168226762529903e-7,-2.0931359323950066e-8,6.951580975576752e-7,6.042788305453791e-8,-0.000001137644049316111,3.4141504532088e-8,-0],[-0,-0,-0,-0,-0,0,0,0,0,-0,-0,0,0,0,-0,-0,0,0,-0,0,-0],[-0.0000018489218478074044,-9.096033482428418e-10,-2.8553511014838362e-11,-0.000004678274542623389,-0.000008470544992784758,2.850637829464085e-9,0.0000512610183358082,7.475204143690203e-10,0.000028043692046641885,-0.000002196459259821994,-0.0000012944873192476094,0.000002270988102330563,4.515166442496151e-8,3.775408285533683e-15,-0.000004297664249383473,-5.930551808452519e-7,0.000019696146097467466,0.0000017121233532119077,-0.000032233248063956476,9.6734262840916e-7,-0]],"OutputChanges":[[0.000019871185593361714,-0.000010210155920325735,-0.000005787450719333635],[7.949607368442554e-11,-4.084644590319959e-11,-2.3153103103361135e-11],[3.0506060406745748e-12,-1.5674536972358694e-12,-8.884840837279287e-13],[0.0000011830183668116211,-6.078551239434286e-7,-3.4455218918976105e-7],[0.000003827092848275943,-0.000001966425934621364,-0.0000011146346126982214],[1.0530555930092877e-9,-5.410780220878083e-10,-3.067007411624134e-10],[0.0000060259268365530775,-0.0000030962245446610776,-0.000001755041461467273],[1.8199029328341999e-10,-9.350973356266533e-11,-5.3004379070704587e-11],[0.00000704901421785867,-0.000003621904385663492,-0.000002053014009358741],[0.000002369219341112486,-0.0000012173455261920041,-6.900313076720114e-7],[0.000005974778499573471,-0.0000030699436520000173,-0.0000017401445909079124],[0.000018896924641653967,-0.000009709563936154239,-0.000005503698790225626],[2.4777163983215606e-8,-1.273093174755622e-8,-7.216309004008926e-9],[1.4023287026429308e-15,-7.205405353526356e-16,-4.084259703942517e-16],[0.00001881877023435491,-0.000009669406861447502,-0.0000054809364452906995],[0.0000025137697454029342,-0.0000012916180027494494,-7.321313795253082e-7],[0.000013333635824252309,-0.000006851050739314532,-0.000003883399904844171],[0.0000012855654501199238,-6.60545573883274e-7,-3.7441886162708484e-7],[0.000008050483516648165,-0.000004136476485149891,-0.000002344690325622731],[0.00005711611697181145,-0.000029347240359959867,-0.000016634976846297584],[0.000060973530080169395,-0.000031329245364160526,-0.000017758442185788502]]}
