{"NInputs":5,"NHiddens":21,"NOutputs":3,"Regression":false,"InputActivations":[0.5803921568627451,0.6705882352941176,0.6313725490196078,0.11372549019607843,1],"HiddenActivations":[0.10197866634717954,0.1410153498155629,0.10086292499340105,0.10787043383955998,0.0006770673442615672,0.01906657439153109,0.003934355188836499,0.2258825793965874,0.057946567610529125,1.914841546729262e-7,0.14611693868589534,0.1691184759832699,0.10889154438411548,0.0005248165860257852,0.001810316945547518,0.3230985411875069,0.06056150331384703,0.14898874847249607,0.1486212755920474,0.1966005847096863,1],"OutputActivations":[0.499542673492012,0.33938129059815336,0.31847459180492926],"Contexts":null,"InputWeights":[[-2.624281315288285,1.9436142084654826,1.2019785654665514,0.7169082832893255,-0.12972971279566445,-0.8531510250868585,-5.447486444797993,-0.4963994492030254,-3.5632717822953524,-8.733654431991912,-0.1701078518264588,0.30321418697605534,-2.9935281893325887,1.0953823814160473,-2.562861714233034,0.3416503481372581,-2.9758126521646027,-2.5042051864473596,-0.8064800128976026,-1.644039136207905,-0.5936262467053544],[-0.04515984606453996,-0.9234860820134574,1.7119919951566092,-1.8977084688293733,-2.9200154595108723,0.2645431466309692,-2.878693245954018,1.7357526568972537,-0.007749223963270027,-7.683168923588478,-2.7077313262823095,-1.5753387430388452,0.2163544437324185,2.4015528539520936,-2.322658666843025,0.20287362567922448,-0.955582422998602,1.3653815007093886,-2.07886158095804,-0.5469420047615828,0.0821997100174705],[-1.5640985033198544,-1.8811339428712537,1.2111385379768718,-1.0545979292315752,-5.485320902660605,1.647529128635263,-0.20284736707182593,-0.26590121734931566,0.7127302498313863,-6.300803198744358,2.058479140326797,-0.5123946228472407,2.2913002082267875,-0.671043458883976,-1.8744015978745354,0.8977244035205865,0.24521564619172873,-0.2700032581520869,0.5661202687839006,0.28735024434824463,0.6021100853053225],[0.5375533606045082,1.9014568972321562,0.30572570480379196,1.2165136205926643,0.12015291607766455,4.035127777488348,0.42806046374512613,1.344295322855131,0.21784996895717332,0.5218811054955337,1.1758375229608937,0.2696454827806734,1.660400625601263,8.577093230989126,0.13050195847824636,1.482061268219613,-0.14746179102046125,0.3543174550486522,-0.5659972374278303,-1.9834602500981082,0.9719294586804934],[0.3038046541044666,-1.344514654413985,-4.831791809209573,-0.7291567363472035,-1.8140301039669726,-5.121719213998762,-0.3626030822609804,-2.0920878826395524,-1.1900091750763806,-1.328470373008166,-1.2838912919307743,-0.4192359542751284,-2.1447554414946715,-10.349886431995852,-2.098837499963934,-1.8084889741182195,-0.5120317097051089,-1.0745939776101827,-0.17697375575353202,-0.043444285928714736,0.45836145346859625]],"OutputWeights":[[1.6565943070131572,-0.6340790746590901,2.2133436693940762],[-2.0163162003018367,0.19083510338530238,1.7210665175956998],[-3.13986349200494,-1.7290555649454395,-2.5602192490948816],[-1.5422836281752725,0.9535473118329493,2.146216521780701],[-0.33004809733143864,-0.2686224096912727,4.1399656572365195],[-0.45884904758284345,-1.6761482011600835,-3.220906208917819],[3.694699913727033,2.0426990194571206,0.1997446418659949],[-0.28113025866629543,-1.961573415715877,-0.12888240258015793],[2.5310022032602406,0.24687008509514705,-1.173471918351344],[3.2224579397800883,4.409759792771395,6.4021666517838804],[-1.3094466826875482,1.7001802854984829,-1.5970059507881484],[-0.5136229630573106,1.3799401010186954,1.3671718574719334],[1.3267181446547038,-0.6369748885499747,-2.4231944835800565],[-2.99134825748725,-5.314259205698236,-4.695979283997931],[1.8005837900604749,1.3911284887551576,1.6313981687530013],[-0.8737849185833638,-0.7172614457920415,-0.7867332280609038],[2.4717748520606375,1.9563343414790137,0.32232707326144105],[1.968730145144786,-1.0721636783746062,-0.13737801052106294],[-0.2895441243922538,1.987098161237315,1.1085855017040744],[1.525518332709509,1.669046369685399,0.9379896206250521],[0.2218017211609415,-0.8672012564515974,-0.877548936450726]],"InputChanges":[[-0.0001383009219154226,-0.00007785224952002935,0.000244405451870164,-0.00011658665610389123,-0.0000015768028821429152,0.000046585584160766684,-0.000005841880286018935,0.0001190782418123375,0.000004451567444238113,-1.1016649702992685e-9,0.00009613481885682585,-0.00015286206370892377,0.00012967942174334758,0.0000025872510731024254,-0.0000031690347042933984,0.00018796975884225844,-0.00007244931785612365,-0.000006435439288670304,-0.00014551447529308813,-0.00021416965200872975,0],[-0.00015979363275363015,-0.00008995090991841228,0.0002823873802013381,-0.000134704852660577,-0.0000018218465732867462,0.000053825235753318255,-0.000006749740060197553,0.00013758364425614668,0.00000514336508759944,-1.2728696616295602e-9,0.00011107468935484606,-0.00017661765469071595,0.00014983230485211106,0.0000029893238750034777,-0.0000036615198272579127,0.00021718127541909586,-0.00008370833346889961,-0.000007435541340287986,-0.0001681282113183653,-0.00024745277360468097,0],[-0.00015044897586745297,-0.00008469062278868058,0.00026587349831821896,-0.00012682737589680057,-0.0000017153058380068196,0.00005067756114786105,-0.000006355018419250328,0.00012953781710666444,0.000004842583503529297,-1.198432839312042e-9,0.00010457909348614163,-0.00016628913687254544,0.00014107018176134431,0.000002814509613307368,-0.000003447395860751602,0.0002044806160378622,-0.00007881310928943179,-0.000007000714361323776,-0.00015829615217694045,-0.0002329818511716587,0],[-0.00002709950496991389,-0.000015254832676221966,0.00004789025746104565,-0.000022844682614951658,-3.089681323117874e-7,0.000009128256355825903,-0.0000011446927587469535,0.00002333289873349856,8.722665938034139e-7,-2.158667847208026e-10,0.0000188372280192429,-0.00002995270167269452,0.000025410156963223512,5.069613589187185e-7,-6.20959502868301e-7,0.00003683191220557766,-0.000014196150120456658,-0.0000012609982389962082,-0.000028512971510132132,-0.00004196567505576461,0],[-0.00023828875059751868,-0.00013413732180815867,0.0004211039880195393,-0.00020087565747629906,-0.0000027167887496381306,0.0000802657024391588,-0.000010065401844154246,0.0002051685923117977,0.000007669930393788639,-1.8981389690967126e-9,0.00016563769465196345,-0.00026337720436334837,0.00022343413881455157,0.0000044577636732508,-0.000005460161145910923,0.0003238668142214588,-0.00012482821657642924,-0.000011088087963587348,-0.00025071750810633426,-0.00036900852204206814,0]],